time,home,g1,g2
2026-09-26 13:40:00,0.7,0.89,0.0
2026-09-26 13:50:00,0.7,0.89,0.0
2026-09-26 14:25:00,0.68,0.88,0.0
2026-09-26 14:55:00,0.67,0.89,0.0
2026-09-26 15:25:00,0.67,0.89,0.0
2026-09-26 15:55:00,0.67,0.88,0.0
2026-09-26 16:25:00,0.67,0.89,0.0
2026-09-26 16:55:00,0.66,0.88,0.0
2026-09-26 17:45:00,0.65,0.87,0.0
2026-09-26 18:15:00,0.64,0.87,0.0
2026-09-26 18:45:00,0.65,0.88,0.0
2026-09-26 19:15:00,0.64,0.88,0.0
2026-09-26 19:45:00,0.63,0.86,0.0
2026-09-26 20:15:00,0.62,0.86,0.0
2026-09-26 20:25:00,0.62,0.86,0.0
2026-09-26 20:50:00,0.61,0.85,0.0
2026-09-26 20:55:00,0.61,0.85,0.0
2026-09-26 21:35:00,0.59,0.85,0.0
2026-09-26 21:45:00,0.59,0.84,0.0
2026-09-26 22:05:00,0.58,0.84,0.0
2026-09-26 22:35:00,0.57,0.84,0.0
2026-09-26 23:05:00,0.57,0.83,0.0
2026-09-26 23:35:00,0.55,0.83,0.0
2026-09-27 00:05:00,0.53,0.82,0.0
2026-09-27 00:35:00,0.53,0.82,0.0
2026-09-27 01:05:00,0.54,0.82,0.0
2026-09-27 01:35:00,0.54,0.81,0.0
2026-09-27 02:05:00,0.54,0.81,0.0
2026-09-27 02:35:00,0.54,0.8,0.0
2026-09-27 03:05:00,0.54,0.8,0.0
2026-09-27 03:35:00,0.54,0.8,0.0
2026-09-27 04:05:00,0.53,0.79,0.0
2026-09-27 04:35:00,0.53,0.79,0.0
2026-09-27 05:05:00,0.52,0.78,0.0
2026-09-27 05:35:00,0.52,0.78,0.0
2026-09-27 06:05:00,0.52,0.78,0.0
2026-09-27 06:35:00,0.51,0.78,0.0
2026-09-27 07:05:00,0.51,0.78,0.0
2026-09-27 07:40:00,0.51,0.78,0.0
2026-09-27 08:05:00,0.5,0.78,0.0
2026-09-27 08:30:00,0.48,0.78,0.0
2026-09-27 08:35:00,0.48,0.78,0.0
2026-09-27 08:45:00,0.48,0.78,0.0
2026-09-27 09:10:00,0.47,0.78,0.0
2026-09-27 09:15:00,0.47,0.78,0.0
2026-09-27 09:35:00,0.47,0.78,0.0
2026-09-27 09:40:00,0.47,0.79,0.0
2026-09-27 09:55:00,0.46,0.78,0.0
2026-09-27 10:05:00,0.46,0.78,0.0
2026-09-27 10:10:00,0.46,0.78,0.0
2026-09-27 10:15:00,0.46,0.78,0.0
2026-09-27 10:25:00,0.46,0.78,0.0
2026-09-27 10:40:00,0.45,0.78,0.0
2026-09-27 11:10:00,0.45,0.77,0.0
2026-09-27 11:20:00,0.44,0.78,0.0
2026-09-27 11:25:00,0.45,0.78,0.0
2026-09-27 11:30:00,0.45,0.78,0.0
2026-09-27 11:35:00,0.45,0.77,0.0
2026-09-27 11:40:00,0.45,0.78,0.0
2026-09-27 11:55:00,0.45,0.78,0.0
2026-09-27 12:05:00,0.45,0.78,0.0
2026-09-27 12:10:00,0.44,0.78,0.0
2026-09-27 12:25:00,0.44,0.77,0.0
2026-09-27 12:30:00,0.44,0.78,0.0
2026-09-27 12:40:00,0.43,0.77,0.55
2026-09-27 13:00:00,0.43,0.77,0.0
2026-09-27 13:10:00,0.43,0.77,0.55
2026-09-27 13:30:00,0.43,0.78,0.0
2026-09-27 13:40:00,0.43,0.77,0.54
2026-09-27 14:00:00,0.43,0.76,0.0
2026-09-27 14:40:00,0.44,0.77,0.54
2026-09-27 15:00:00,0.43,0.77,0.0
2026-09-27 15:10:00,0.44,0.79,0.54
2026-09-27 15:40:00,0.43,0.77,0.54
2026-09-27 16:10:00,0.43,0.78,0.53
2026-09-27 16:40:00,0.43,0.77,0.53
2026-09-27 17:40:00,0.42,0.75,0.53
2026-09-27 18:10:00,0.42,0.75,0.52
2026-09-27 18:40:00,0.41,0.75,0.52
2026-09-27 19:10:00,0.42,0.75,0.52
2026-09-27 19:40:00,0.41,0.74,0.51
2026-09-27 20:10:00,0.4,0.74,0.51
2026-09-27 20:40:00,0.4,0.73,0.5
2026-09-27 21:10:00,0.39,0.73,0.5
2026-09-27 21:45:00,0.39,0.71,0.49
2026-09-27 22:10:00,0.39,0.71,0.49
2026-09-27 22:40:00,0.39,0.71,0.49
2026-09-27 23:10:00,0.38,0.71,0.48
2026-09-28 00:35:00,0.35,0.7,0.46
2026-09-28 00:40:00,0.35,0.7,0.46
2026-09-28 00:45:00,0.35,0.7,0.46
2026-09-28 01:10:00,0.34,0.69,0.45
2026-09-28 01:40:00,0.34,0.69,0.45
2026-09-28 02:10:00,0.35,0.68,0.45
2026-09-28 02:40:00,0.36,0.68,0.46
2026-09-28 03:10:00,0.36,0.68,0.46
2026-09-28 03:40:00,0.37,0.66,0.46
2026-09-28 04:10:00,0.37,0.66,0.45
2026-09-28 04:40:00,0.36,0.65,0.45
2026-09-28 05:10:00,0.36,0.65,0.44
2026-09-28 05:40:00,0.36,0.67,0.44
2026-09-28 06:10:00,0.35,0.66,0.44
2026-09-28 06:40:00,0.36,0.65,0.44
2026-09-28 07:10:00,0.35,0.65,0.44
2026-09-28 07:40:00,0.36,0.65,0.43
2026-09-28 08:10:00,0.35,0.64,0.0
2026-09-28 08:40:00,0.35,0.63,0.43
2026-09-28 09:40:00,0.33,0.66,0.42
2026-09-28 10:10:00,0.33,0.65,0.42
2026-09-28 10:45:00,0.32,0.65,0.41
2026-09-28 11:10:00,0.31,0.65,0.41
2026-09-28 11:40:00,0.32,0.65,0.4
2026-09-28 12:30:00,0.31,0.64,0.4
2026-09-28 13:00,0.3,0.64,0.39
2026-09-28 13:30,0.31,0.63,0.39
2026-09-28 13:35,0.3,0.63,0.39
2026-09-28 14:05,0.3,0.63,0.39
2026-09-28 14:35,0.29,0.63,0.38
2026-09-28 14:55:00,0.5,1.4416666666666667,1.1806666666666668,0.1578,0.3712,🟡 MEDIUM
2026-09-28 16:25:00,0.5,0.14166666666666666,1.4785000000000001,0.2107,0.4473,🟡 MEDIUM
2026-09-29 02:30:00,0.5,0.1,1.45,0.1121,0.3694,🟡 MEDIUM
2026-09-29 06:50:00,0.5,0.1,1.506,0.048,0.3247,🟢 LOW
2026-09-29 07:20:00,0.5,0.2,1.39,0.0462,0.3055,🟢 LOW
2026-09-29 07:50:00,0.5,0.0,1.2570000000000001,0.0859,0.3169,🟢 LOW
2026-09-29 08:20:00,0.5,0.0,1.1136666666666666,0.0942,0.3014,🟢 LOW
2026-09-29 08:50:00,0.5,0.0,0.967,0.0956,0.2797,🟢 LOW
2026-09-29 09:20:00,0.5,0.03333333333333334,0.8233333333333334,0.1068,0.2667,🟢 LOW
2026-09-29 09:50:00,0.5,0.08333333333333334,0.6906666666666667,0.124,0.2605,🟢 LOW
2026-09-29 10:20:00,0.5,0.1,0.5753333333333334,0.1354,0.2521,🟢 LOW
