time,level_in,level_out
2026-09-26 00:34,0.69,0.71
2026-09-26 01:04,0.69,0.71
2026-09-26 01:34,0.7,0.72
2026-09-26 02:04,0.72,0.74
2026-09-26 02:34,0.73,0.75
2026-09-26 03:04,0.75,0.77
2026-09-26 03:34,0.78,0.8
2026-09-26 04:04,0.8,0.82
2026-09-26 04:34,0.82,0.84
2026-09-26 05:04,0.83,0.85
2026-09-26 05:34,0.84,0.86
2026-09-26 06:04,0.85,0.87
2026-09-26 06:34,0.85,0.87
2026-09-26 07:04,0.84,0.86
2026-09-26 07:34,0.83,0.85
2026-09-26 08:04,0.82,0.84
2026-09-26 08:34,0.8,0.82
2026-09-26 09:04,0.78,0.8
2026-09-26 09:34,0.75,0.77
2026-09-26 10:04,0.73,0.75
2026-09-26 10:34,0.72,0.74
2026-09-26 11:04,0.7,0.72
2026-09-26 11:34,0.69,0.71
2026-09-26 12:04,0.69,0.71
2026-09-26 12:30,0.73,0.73
2026-09-26 12:55,0.72,0.72
2026-09-26 13:00,0.72,0.72
